"In-game id","Name","Description","Points","Icon file","Initial state"
"first_game","Hello, World","Release your first game.","10","icons/01-first_game.png","Revealed"
"ten_games","Prolific","Release 10 games.","25","icons/02-ten_games.png","Revealed"
"great_review","Rave Reviews","Release a game that reviews 8 or better.","15","icons/03-great_review.png","Revealed"
"perfect_ten","Perfect Ten","Release a game with a perfect 10.","90","icons/04-perfect_ten.png","Revealed"
"choice","Critics' Choice","Win a Critics' Choice award (9.0 or better).","40","icons/05-choice.png","Revealed"
"masterpiece","Masterpiece","Make a Masterpiece (9.5 or better).","60","icons/06-masterpiece.png","Revealed"
"goty","Game of the Year","Win Game of the Year.","50","icons/07-goty.png","Revealed"
"sequel","Part Two","Release a sequel.","15","icons/08-sequel.png","Revealed"
"trilogy","Trilogy","Release the third game in a series.","25","icons/09-trilogy.png","Revealed"
"blockbuster","Blockbuster","Finish selling a game that made 5 times what it cost.","50","icons/10-blockbuster.png","Revealed"
"millionaire","Millionaire","Have $1,000,000 in the bank.","30","icons/11-millionaire.png","Revealed"
"mogul","Mogul","Have $100,000,000 in the bank.","75","icons/12-mogul.png","Revealed"
"fans","Fan Club","Win 100,000 fans.","30","icons/13-fans.png","Revealed"
"megafans","Household Name","Win 1,000,000 fans.","80","icons/14-megafans.png","Revealed"
"first_hire","Not Alone","Hire your first employee.","10","icons/15-first_hire.png","Revealed"
"rockstar","Rockstar","Hire a rockstar developer found by a headhunter.","30","icons/16-rockstar.png","Revealed"
"moved","Out of the Garage","Move into a real office.","15","icons/17-moved.png","Revealed"
"campus","Campus Life","Move to the Campus.","50","icons/18-campus.png","Revealed"
"kitted_out","Fully Kitted","Buy every studio upgrade in the Store.","40","icons/19-kitted_out.png","Revealed"
"decorator","Interior Designer","Buy every decoration for the studio.","30","icons/20-decorator.png","Revealed"
"researcher","Know-It-All","Research everything.","60","icons/21-researcher.png","Revealed"
"expo","Center Stage","Exhibit on the big stage at GameExpo.","30","icons/22-expo.png","Revealed"
"cat","Lap Cat","Have the studio cat curl up on someone's lap.","10","icons/23-cat.png","Revealed"
"bailout","Second Chance","Survive bankruptcy with the bailout.","20","icons/24-bailout.png","Revealed"
"legacy","Legacy","Keep the studio going until 2025.","90","icons/25-legacy.png","Revealed"
"perfect_combo","Perfect Match","Discover a perfect topic and genre combination.","20","icons/26-perfect_combo.png","Revealed"
